{
  "best_solution": [
    0.4964293966997782,
    0.49859856600696617
  ],
  "objective": 0.49504267593190876,
  "total_violation": 2.4721154845524186e-05,
  "penalized_fitness": 0.49751479141646116,
  "violations": {
    "sum_at_least_1": 0.004972037293255571,
    "x0_at_most_1": 0.0,
    "x1_at_most_1": 0.0
  }
}