{
  "best_fitness": 9.612861880628984,
  "best_solution": [
    0.9711506993320896,
    -0.9594177013262448,
    -1.9947907086048042,
    -1.0057921859530383,
    0.025921552830428574,
    0.9879570609569681,
    -0.014544221341953175,
    0.0007666722351329109,
    0.0052863007836808,
    1.0149246554846005
  ],
  "function": "rastrigin"
}